984,1236,505,1235,1552,1732,918,863,169,1157,1195,322,986,490,1370,1690,1649,453,443,1619,553,1583,804,540,950,1147,1436,573,1065,382,532,161,312,1616,1586,1136,196,1794,1536,1213,1158,1242,869,1305,1076,1285,1570,1003,118,564,1253,1392,26,1451,363,1201,478,940,233,235,126,937,566,369,526,583,814,1719,415,554,1121,1148,860,1697,1651,657,517,204,865,529,1337,979,954,1672,274,206,1506,525,1408,1556,349,1588,1731,616,512,614,1061,1704,593,726
1757,1199,1673,1702,1511,86,1428,307,170,159,494,1072,649,128,247,1531,1042,1541,928,657,130,842,559,663,1288,1491,399,1481,98,1246,386,1251,654,353,1837,219,1582,1383,1786,1700,674,1154,1353,514,335,577,222,1188,926,468,92,1385,1627,1272,1332,1474,1590,1845,32,1518,272,809,77,390,1249,1012,1078,1351,1870,1114,1275,1607,1384,587,562,1857,1829,434,670,692,1206,1502,1116,831,803,927,1790,1568,647,1695,1044,238,1060,1646,1305,1713,1574,917,1871,728
1212,1755,1549,1121,193,1270,679,34,1816,1626,629,1833,1564,211,419,266,720,1714,177,829,205,1810,784,943,111,983,498,55,1864,1603,246,1200,581,88,371,734,515,1142,461,997,1623,1175,638,994,58,210,361,1495,1000,925,1581,1690,244,492,1639,1705,1553,898,1088,893,301,414,1108,1488,1094,21,399,1672,1522,63,1450,995,471,165,517,888,241,352,1803,612,1757,1099,1870,247,1072,468,64,328,1091,913,1247,484,141,32,516,1416,1117,1633,1666,690
425,1082,1616,784,1197,1067,215,410,1752,1081,830,126,710,584,1829,523,1756,999,65,461,366,1203,1346,34,363,1641,1769,621,553,660,356,815,1014,1232,1665,154,246,1424,1382,95,796,863,1119,766,1581,80,1336,837,21,202,979,224,1567,1705,1170,895,1833,140,280,52,1445,1728,525,1530,501,1352,1740,611,770,1367,845,1301,60,76,736,1531,1254,596,880,843,473,504,1507,874,1031,1177,1653,1471,1219,682,1785,1797,341,997,233,673,1355,1451,248,1751
1006,110,980,273,682,1473,887,289,989,1341,837,1733,206,1119,1360,1298,388,440,1501,1379,793,201,331,1229,1655,1651,1437,557,1187,469,21,608,1497,426,475,1064,288,1243,622,570,746,365,1851,225,702,1130,313,350,1547,1265,1011,877,1089,285,1388,1688,509,246,72,420,1820,1794,1563,1454,1417,373,80,1520,30,1755,936,559,1519,732,667,1338,592,95,1328,1555,1744,143,1481,913,745,1583,1694,693,1660,109,508,792,2,1356,1315,1776,589,1355,629,1105
26,1386,766,1435,466,1792,1865,1491,17,79,122,1625,1500,903,849,1656,788,282,267,1258,1083,1059,619,1021,305,1407,1772,598,572,604,751,257,1548,55,1293,1442,1486,1812,1299,111,1179,512,422,951,618,1290,1199,1773,492,462,44,707,729,503,932,1568,1405,1759,1365,1627,1317,441,752,1396,901,1455,703,972,565,30,1390,1669,398,1706,585,824,224,163,887,1408,1075,1244,1579,1274,1870,802,1081,567,917,675,1577,1685,1088,247,74,1286,147,666,672,1874
1251,1557,599,41,812,1062,1783,1186,153,1679,340,104,956,1378,1735,343,433,469,224,1760,23,766,865,724,1413,485,1300,453,1497,73,1657,629,454,502,1736,927,671,938,910,1790,1397,900,1128,369,1804,226,139,1163,908,564,1379,551,922,298,1164,270,616,1707,1063,628,762,1463,1585,662,234,1683,1797,525,282,156,1765,1360,782,1710,1545,1003,730,585,1839,259,312,323,1290,302,47,511,870,461,1525,1193,1769,1170,618,696,1345,636,567,173,501,135
728,446,847,1250,642,1398,1584,1127,1436,613,1711,1275,676,1805,761,1614,386,559,437,1423,499,395,374,814,8,50,606,294,1649,1162,1871,203,69,975,739,1563,1118,1782,309,46,1628,298,335,1455,534,1722,1533,1544,1762,1400,827,1588,222,708,256,1224,530,1088,268,725,640,1109,1166,1195,1472,1426,1773,1199,397,1139,989,165,38,995,1337,20,1696,1264,1582,1799,547,920,696,714,1121,732,1193,1662,769,755,1198,1727,1187,637,1366,1775,1638,805,1703,1702
1265,1745,500,1619,1435,68,1475,604,1032,1561,1568,957,34,1525,769,1845,669,245,333,1753,606,805,253,670,1372,1496,445,432,770,155,815,370,1027,1734,1293,1254,1510,1352,1509,88,1643,518,1869,902,937,688,570,1191,1049,1864,329,1730,811,1037,454,720,1824,712,898,1207,532,348,1396,1128,836,668,138,210,182,400,911,1119,512,1279,1348,166,664,73,1380,760,717,690,1209,738,1773,1559,1256,1529,1273,390,1629,1785,404,96,545,1793,1150,941,879,663
1523,1856,945,1459,1496,852,460,39,1519,471,1375,1628,1657,1702,1333,338,325,937,190,1832,759,472,1035,562,43,942,1490,408,243,1742,1663,703,658,1499,263,835,262,97,1174,813,583,1031,495,1514,1860,144,889,620,1238,1240,1257,1573,1469,461,1543,298,600,140,669,1448,521,780,1202,195,1054,1837,126,772,1722,901,226,1590,1303,1638,188,71,88,1558,1785,392,1705,1462,800,616,641,1662,867,1047,10,666,1180,567,1788,1473,832,1723,508,1744,1552,706
153,1060,1403,1173,927,986,262,80,212,198,490,1145,250,1167,255,594,607,102,873,63,1859,545,1828,338,1086,459,1377,1640,537,751,98,999,1361,588,184,513,1486,1575,1223,394,1830,452,176,535,192,844,1862,18,710,318,471,1341,1635,579,1035,689,1630,129,1218,1280,164,179,864,853,1843,1549,1433,209,1363,337,1430,1407,492,818,1312,1127,725,489,1105,996,1537,324,36,633,82,1515,1029,434,447,436,302,774,346,1804,1228,284,707,317,869,1271
1365,1224,990,811,1774,1005,1270,170,1548,901,44,1416,1655,263,1704,1189,88,648,978,650,27,213,1083,1252,1682,1286,960,378,1262,782,1314,1327,1671,369,281,1488,557,1615,1746,970,401,979,1098,126,968,134,414,533,1857,613,900,1456,258,837,1541,1690,596,507,1487,129,951,937,1398,1103,1438,509,224,299,1205,592,1115,1290,1555,353,111,694,610,1465,923,1124,1222,815,1344,684,826,1780,1207,1265,1022,898,800,55,1208,1419,1818,371,1092,1441,321,1377
1696,520,558,1326,804,1363,467,24,761,1376,909,447,1053,207,81,1340,269,380,1064,1398,776,630,915,1271,994,1664,1069,807,1478,1786,362,1487,1524,1829,1652,1234,1094,1450,1770,764,1491,1667,1435,1090,936,13,231,1022,1843,1571,1107,635,78,1872,1080,898,1683,1763,1509,94,1743,1572,1020,39,1623,1486,674,1444,1308,1407,540,1292,396,16,299,1581,646,1661,92,1339,1248,565,577,364,1281,1313,537,319,1361,281,774,1266,1710,508,1230,636,1697,1065,1378,105
239,1227,826,1330,1207,1551,298,521,338,1751,314,1518,633,220,1370,1623,1825,506,1115,1025,382,790,701,1502,1504,693,1163,1555,452,938,1442,335,988,53,770,564,1594,1852,81,1590,688,315,451,723,1279,10,755,1730,823,423,1142,1846,177,1870,443,240,1874,118,502,533,252,64,989,844,1714,362,1753,1067,747,37,1848,1847,867,1314,806,944,138,1459,1045,1465,1624,124,580,828,148,320,871,976,1050,1285,673,110,1298,835,1433,1222,273,1213,1309,1194
1807,721,1797,1775,1577,1575,1312,449,853,611,1105,1056,539,1054,805,727,370,658,154,61,981,1553,84,331,412,1484,42,1530,1468,767,420,1799,1291,895,1718,223,1269,400,949,1305,1743,1689,854,1024,811,397,207,1301,1019,803,890,1250,1410,759,1761,944,888,945,1150,825,382,92,262,647,957,682,149,1850,13,915,717,1768,1404,26,1618,1723,497,877,227,927,663,1819,115,1260,1103,1249,1295,744,485,1031,1224,399,126,1180,907,1500,52,1740,837,1789
1056,1452,837,1211,342,734,1208,1073,518,316,772,1054,513,1680,785,1742,1859,1852,66,564,1378,239,1081,1537,579,774,1582,1570,550,1480,1180,1667,1042,991,1142,211,321,380,619,85,960,864,1323,452,733,1174,1087,413,229,531,1290,587,1079,1726,1229,1410,1465,298,1393,1004,1516,557,1294,442,499,1649,1116,1790,682,1149,241,1865,196,1621,1854,329,1501,1429,1276,1274,292,1511,265,466,108,5,1583,690,1504,473,1159,1813,929,223,1574,1263,1844,163,1829,928
1017,548,1737,105,98,1604,1024,936,698,628,274,1576,684,891,631,1612,768,1414,1232,117,50,1859,163,1373,707,940,1122,484,1814,122,313,1591,785,648,1780,377,1191,1815,607,1741,1293,578,1102,669,715,1294,1448,504,522,1637,788,252,140,853,1608,964,237,1009,1071,1494,824,92,238,387,431,1778,1126,727,1370,397,153,758,618,349,60,1106,577,1196,1408,561,1078,160,1869,1274,1735,1569,456,512,26,426,427,292,66,1705,1054,540,1650,415,935,149
685,1330,1277,1531,1041,1155,621,1300,87,836,967,1633,1819,48,1246,1496,1145,594,156,1281,1115,1467,470,891,2,1065,414,235,1631,355,138,1238,1411,368,75,408,466,1383,1127,1649,203,648,16,212,1331,476,770,402,954,474,924,1376,1368,1644,1727,1182,1559,579,1733,483,890,1731,761,622,790,1177,783,982,711,1548,97,327,1670,529,699,1036,1473,1100,1723,1720,23,1567,1093,1469,24,1673,1347,1398,751,560,542,689,1601,329,852,1319,1754,1317,1856,1532
417,821,1212,1430,439,1323,1634,1535,186,675,127,837,132,118,1388,1503,807,567,416,758,924,862,302,428,1230,1205,843,903,1874,143,431,480,1432,1220,557,1715,411,1747,605,949,518,1269,1622,1043,647,788,1056,110,421,1800,1683,1464,761,1646,1849,1162,415,18,572,918,961,1873,763,616,744,1548,135,1451,1276,1344,919,832,286,1229,1664,196,1007,1662,248,595,1199,443,1469,1793,304,1279,115,1618,1107,42,239,1017,1016,190,1834,910,20,911,255,1381
86,14,514,1317,1772,1574,1846,1040,482,1751,746,1328,911,1683,1780,1138,1054,102,283,676,28,751,164,1282,450,1687,1049,1746,213,489,1775,484,1553,658,1700,199,701,1401,1851,1124,92,55,1814,943,563,919,1538,1506,1207,311,436,423,1146,1102,1502,405,806,872,1409,1241,459,1534,1526,317,1484,876,988,562,1627,1422,1815,607,1154,152,350,1283,409,1075,1613,180,1716,596,1725,408,382,1174,699,930,1056,1289,804,898,1609,537,605,1151,1673,1566,1655,419
1356,287,1597,885,353,1020,717,1251,17,1397,1704,459,786,779,1207,668,57,1205,1292,631,181,237,878,217,729,605,1167,1607,1086,817,1114,1014,966,115,1402,157,1791,746,1337,121,961,231,67,915,1024,1089,1444,586,139,1300,412,693,486,836,298,1628,441,687,246,701,1258,22,1857,1547,1231,1674,678,874,1730,318,507,244,338,191,806,1136,524,378,5,252,1651,1214,200,708,1394,1700,988,802,1151,1427,583,814,277,454,493,173,1072,210,350,912
697,472,798,427,1235,1481,298,343,1668,1069,583,534,334,144,1584,1199,1243,1713,1371,902,1529,283,127,188,1812,616,737,436,1768,1061,1497,460,905,1085,1180,1177,1736,119,689,1769,1560,1181,1137,1774,1764,381,1864,701,370,409,1491,394,911,956,1862,1742,1002,1246,1697,847,1321,831,1564,209,72,785,379,248,1814,990,1255,578,1626,479,1108,48,1767,1652,1322,964,24,1519,1721,322,1186,1188,77,821,1111,1688,1449,832,554,1054,988,681,971,1521,1282,1743
1161,1476,1610,567,439,1800,1014,309,143,1355,883,476,558,1555,1366,1573,1829,1206,856,1064,1394,1097,159,1156,228,517,1341,818,344,1315,305,1153,1340,270,67,1732,1606,296,1735,598,1443,663,1454,886,835,1388,559,276,205,1120,745,1519,708,928,675,1590,1569,807,1399,1639,1490,514,107,1047,583,1745,659,1407,291,1385,1088,1267,1193,42,1664,437,532,783,300,1118,374,1872,8,924,1099,1451,1387,738,1621,193,997,1103,548,1870,329,204,334,1677,793,471
1763,1073,1000,271,9,1550,1500,1600,1690,2,304,79,1488,821,1540,1239,270,1560,734,447,1278,918,913,1429,901,298,1821,603,1746,599,62,1736,130,162,194,1729,22,1052,1668,811,173,1110,1534,726,348,613,1008,1076,371,1070,746,1263,112,1233,1754,435,659,1315,1566,1473,896,49,1398,246,1844,1698,511,1791,151,1468,1798,1010,1692,867,484,531,133,1751,729,844,64,529,82,1456,1374,92,842,1284,421,1056,403,171,1761,211,1688,698,731,952,1735,1618
1602,1190,223,90,1717,1140,614,1026,1307,513,339,1451,721,144,751,662,1136,519,284,1764,293,672,654,1820,238,1157,1498,153,1438,1681,1583,1048,1650,124,1559,1117,937,1759,630,1059,776,1565,80,1827,985,1349,698,685,994,1714,236,948,231,829,5,266,503,1549,210,1609,971,1848,389,650,1120,666,1611,1699,574,872,483,871,1814,846,1294,437,1479,1767,604,41,1528,825,543,155,1080,159,1113,880,1153,481,1430,212,1603,663,515,764,670,1584,572,1662
16,1632,316,525,1699,1826,563,1409,1358,488,352,1074,1145,631,423,336,796,1334,287,1421,1805,1807,173,1392,168,520,589,1545,1547,612,457,247,1280,1117,545,1112,1801,100,1548,776,963,221,364,454,987,906,1330,707,1317,1806,1297,1006,1200,1369,63,1501,1511,337,1668,1639,1058,1064,1771,212,239,1671,466,319,1552,1319,1,1463,317,1772,1676,1071,567,284,1522,1452,1148,1618,508,1550,1484,816,1859,1305,246,1502,1253,780,1438,297,587,1578,331,1417,1684,1755
1872,1062,442,502,1241,1610,1428,734,1367,1511,1821,1214,1370,226,1556,20,1854,1654,1204,1596,869,240,515,951,570,1205,849,1269,1707,1248,223,432,1784,1097,1049,284,855,1392,1820,1042,325,1346,1154,920,953,1758,931,1626,1737,1815,1384,1264,336,345,1343,535,1524,477,24,778,1733,1569,599,1787,267,304,832,141,1138,476,1495,27,1354,374,155,1575,397,8,1201,738,872,1770,1477,1525,1312,323,335,1536,1210,1080,80,1725,1262,411,1759,1494,239,766,676,1425
82,1095,783,1801,1179,1661,1812,743,238,1755,758,1736,996,124,1460,1456,1084,980,1262,42,47,1375,602,925,968,1145,672,817,802,1320,1212,905,765,1780,789,1819,1710,421,373,741,1203,601,209,1562,1687,290,116,1829,981,68,292,922,1840,471,1745,1849,1258,453,960,1447,535,101,1647,1241,40,1634,418,92,737,476,158,434,1186,3,1264,117,1823,670,1545,416,419,1096,214,211,1387,1276,478,999,1034,818,94,1500,690,857,1249,1149,1399,1615,875,217
463,1811,1755,613,156,1013,1260,1424,959,1726,1117,415,603,1825,133,10,1447,1102,1610,617,200,1126,735,187,440,1355,1090,1187,1835,984,482,1644,1328,1792,635,654,1107,1184,695,1372,1840,844,494,708,393,1621,500,949,335,1658,1600,737,257,874,993,264,1538,841,92,1593,1435,618,1005,1266,1530,685,680,1422,1426,37,838,1821,266,1023,1722,340,289,588,540,502,1669,297,1663,1072,1577,826,50,606,99,607,421,865,780,338,1744,756,1514,1494,759,1533
1559,114,78,1485,795,428,747,1566,349,1235,153,1530,1848,1008,419,671,635,698,601,420,499,1734,1859,1155,923,1646,1381,946,964,898,1822,1604,160,1228,1230,82,218,1840,678,711,1389,1773,1145,1570,411,1027,1074,1393,1261,100,570,1065,94,54,1400,325,1650,1378,1494,161,232,146,756,137,1363,577,1075,1818,828,1262,1440,1093,1020,890,376,1781,297,918,743,589,531,1449,246,1358,87,1410,89,656,159,140,612,1571,277,1102,631,1403,409,1336,1161,1241
1010,1817,833,1436,487,945,213,623,1445,1131,312,1753,1483,387,955,1870,250,1832,1336,805,678,25,1786,1196,869,789,1278,174,1823,1626,708,70,1325,1806,1740,511,1179,1247,1104,392,1559,1661,429,1710,1799,858,365,1836,1054,406,184,605,545,1644,1252,1532,102,840,604,306,1081,1334,1496,355,1831,1816,956,682,1296,39,910,574,1480,1376,1413,65,1443,116,433,407,1453,803,232,1742,1105,1305,1804,1132,1624,361,1159,1139,120,1295,931,229,1433,1129,1015,1155
326,1011,854,1250,1568,396,706,480,182,1663,1244,691,681,1863,1768,771,1399,1349,57,140,93,334,917,1032,1387,1039,865,1352,1739,395,1151,1531,1615,1366,591,111,1697,236,469,587,544,1762,1233,1243,109,1551,238,734,97,43,840,1607,639,790,1590,119,1610,1773,627,1015,1150,1009,850,1330,1361,19,1521,1069,358,1418,421,1510,1809,398,1747,131,1197,1316,593,1110,1017,401,1583,1411,269,688,1800,456,677,1294,680,413,1490,556,1280,1344,215,1751,486,1444
1570,604,1838,1535,1509,850,832,596,1124,1756,140,1536,1656,1266,1538,858,772,1066,1873,1,362,1217,1229,1133,107,1500,683,171,422,838,678,700,1342,547,679,356,328,1449,1504,1679,982,1773,1280,861,169,673,606,133,65,1020,1286,1080,744,1746,1106,192,1207,470,1285,935,962,1845,464,915,670,978,750,199,737,355,1820,1340,176,1587,86,585,249,1221,785,1261,206,1534,1137,1372,1540,22,1631,620,752,260,681,984,197,1244,394,1675,119,221,302,498
542,655,1479,935,999,149,1666,391,1668,1025,97,945,469,1222,1143,1582,499,455,1538,791,752,525,248,850,701,347,1152,606,294,490,484,1510,1741,95,1232,713,1534,1113,1872,892,656,279,1281,85,139,389,47,561,238,1304,500,955,1019,910,1130,1061,1425,792,163,740,821,39,798,607,1492,162,966,1035,376,349,964,226,265,1131,1505,1191,1062,1785,1215,207,384,800,480,1192,125,1740,195,1716,1800,738,1312,1041,250,280,249,772,467,1382,229,957
894,735,1781,806,189,1745,1296,1202,1371,1660,5,1790,721,1460,1333,942,1476,927,218,12,1715,837,832,1765,1636,458,639,480,1858,1003,1231,243,441,273,206,1688,745,238,777,1209,431,1286,1529,599,483,1536,253,353,747,1682,1326,600,341,873,1162,932,1462,1704,1739,504,232,1133,1584,1438,1517,675,1558,1074,345,717,1689,1076,142,1428,1172,1015,1429,352,1448,462,188,1812,1614,1557,1163,938,1143,260,956,100,1461,767,1027,550,1039,1718,1738,528,1168,1492
970,1729,839,522,409,13,398,1845,30,1476,1696,1168,546,450,1651,940,829,692,1558,82,1279,1363,1479,383,221,1248,414,810,816,982,1264,1463,1847,1750,1849,1019,1158,1044,1304,998,1553,686,1612,956,1097,1589,744,18,21,326,1378,1389,329,565,808,1683,312,407,1027,782,1029,1337,397,96,439,1519,1338,567,1221,46,1412,762,1344,1072,112,464,1540,1417,835,683,986,1081,1740,993,390,310,1567,1632,1354,1402,547,94,749,500,1368,1144,852,1326,1608,1134
1217,713,247,193,982,756,353,147,191,1693,806,179,856,177,1447,1730,644,1778,1453,569,1226,1777,1130,110,83,1452,1155,377,824,1337,915,786,1051,1408,1129,1576,1082,1570,950,715,427,590,772,1800,1711,988,1184,1770,1071,59,1498,1016,943,1068,1278,962,1389,1598,445,77,1,1225,1687,1351,246,1807,989,299,1476,430,417,880,1065,1492,571,1006,485,1555,1091,264,1694,547,1211,473,15,1383,876,621,1188,641,593,1744,609,724,31,581,1537,1231,710,388
789,214,328,199,398,1242,1496,929,1772,1076,513,781,1134,1526,925,1443,1847,831,1050,627,1155,913,1130,1475,529,1167,914,775,968,340,804,1161,150,1035,1107,1207,1537,1723,283,728,115,428,1686,1704,177,811,1256,246,1606,1721,864,404,1218,1378,1238,784,206,942,122,395,396,1515,1259,1852,44,367,887,785,1234,1157,1124,24,1460,1698,492,664,182,1278,1643,1116,1119,635,817,1210,1171,194,217,469,982,645,540,281,715,1844,1432,951,58,1651,205,1518
592,1833,1339,58,1168,1326,1302,1277,983,1813,943,1808,490,1738,1829,1029,1263,1541,1831,1741,956,776,1578,331,1451,1830,337,1494,502,492,1462,695,1776,574,222,563,1340,1458,1315,1687,1270,898,536,712,1195,1663,1637,1013,427,786,1335,772,1173,1807,208,440,1360,706,20,1198,1854,673,968,1740,1170,444,1225,1049,1151,97,8,1154,849,287,820,1352,837,680,910,1509,413,230,220,797,591,920,1709,1786,526,1868,51,675,855,783,1429,1716,1002,1811,912,259
1046,61,1308,78,200,620,483,1754,1590,1642,210,1592,774,995,224,1242,341,1495,121,554,1150,1499,586,1297,374,372,1811,1336,1229,1241,1453,87,1767,1117,35,613,102,204,168,423,1167,1486,1855,461,416,784,1655,1591,1804,1662,1744,246,1511,593,1369,1791,1328,241,316,1091,497,1690,1321,1407,1235,494,931,671,1464,585,1077,673,1540,1558,254,869,1532,1420,563,624,1867,50,942,1181,1103,1184,679,1731,105,836,964,1518,140,765,592,1665,1371,1824,591,1048
944,1308,1488,513,37,229,1594,263,215,279,1395,902,287,1019,1384,865,966,1633,1833,1808,995,660,274,1600,1851,508,780,351,1820,121,844,336,1218,282,1685,605,454,399,1549,710,1404,461,705,632,1852,1521,201,1682,1645,118,1597,838,447,1462,1126,1772,464,823,1186,377,223,26,1443,131,1148,171,1187,1498,225,554,1770,366,80,1070,1291,640,845,1433,937,266,1032,372,675,1111,1330,1714,46,1392,520,1694,1355,1501,1532,1258,436,1695,1830,1750,1640,1586
852,914,1078,1787,1399,492,1060,1006,346,659,745,523,1106,1740,1434,1405,1231,1276,1657,848,1132,127,245,1781,886,1576,131,851,650,982,116,1234,1345,1098,220,1143,1620,315,1076,1833,1660,1563,539,1418,1329,1795,1072,610,1089,1683,337,424,1088,1555,503,1238,1419,717,1286,752,728,247,1416,305,771,1038,1385,584,170,190,288,1203,440,144,1212,459,1604,654,1090,335,223,1048,929,437,1448,912,5,709,51,674,136,192,548,827,1311,578,1848,1223,253,88
1384,1332,485,1287,283,110,1573,1177,1593,1616,114,352,17,1383,1281,1804,101,241,712,174,438,993,1831,397,472,1182,1009,825,1330,1250,457,47,949,1071,259,13,883,1362,1767,444,12,1200,223,1320,359,465,866,1230,1735,1221,1302,790,1279,271,1571,1404,185,275,39,168,1067,1058,1081,635,85,558,1038,1347,1053,1325,1364,1134,784,730,1375,202,493,1146,100,1273,59,1370,938,1345,179,930,298,1144,340,1184,2,1422,1683,1820,734,1499,362,1490,1000,1259
529,1731,664,1386,1828,1661,1353,1439,19,470,1185,1026,972,650,1746,637,1457,890,814,1764,1067,170,573,1146,126,1105,1288,1054,522,102,728,1674,1374,1630,1326,697,857,474,252,1862,228,1087,412,1488,864,1228,564,415,1629,1869,1348,404,1818,1420,1758,975,854,1128,1385,1130,1686,736,939,361,97,752,1475,1293,710,281,140,685,1593,60,362,867,678,423,827,558,1027,132,515,1049,410,1031,774,1621,1120,490,1775,129,1651,1561,765,1114,289,1816,874,832
184,1835,1404,1165,1236,1372,139,1827,978,430,1195,103,1256,314,10,387,1015,1246,377,777,893,1283,1,1627,876,83,1818,359,864,1005,281,600,1009,1698,304,6,1717,1302,897,1406,1424,92,516,313,1270,371,1770,273,1704,987,492,680,398,1145,1801,1053,194,1551,1400,1528,170,58,335,94,935,1781,918,1258,986,472,1016,711,326,1257,1594,730,1468,1430,90,1766,191,806,316,1731,1286,545,681,1362,1079,914,100,624,672,574,357,787,1573,1849,448,767
871,460,156,66,1248,1517,1578,455,557,558,1833,446,1769,718,352,671,725,108,536,172,824,1223,1253,1336,1382,907,188,70,1732,864,428,1027,47,497,1269,662,852,1623,27,1200,653,423,772,636,1859,1797,1043,1203,26,434,354,1125,1376,334,508,582,388,1403,1296,872,318,1148,448,1630,1284,967,1257,1721,532,1813,962,517,842,1698,1538,1645,698,1058,1771,1713,1158,952,166,736,1655,1432,101,1249,1803,328,1194,768,960,1267,1606,174,1675,1099,1829,1763
1304,1692,1702,643,1017,969,648,1025,1236,932,203,256,787,546,1594,1076,1628,30,774,1549,177,1582,154,757,616,937,321,1760,1233,1254,1655,193,650,553,525,330,1676,1222,1207,1120,1050,1093,888,49,1357,28,353,1772,378,593,16,1356,359,1231,561,226,704,1716,1378,427,858,1532,1624,1095,1502,592,1588,536,594,1309,235,57,487,1768,299,292,1368,943,836,11,751,1572,80,1643,281,1370,1829,20,1322,1616,620,58,514,410,833,622,136,1173,962,780
1016,995,434,443,1677,1291,235,815,1474,737,1041,532,1559,1394,210,1170,1030,1587,124,1401,1722,1584,1694,1735,1721,131,407,611,176,1728,1871,1328,1313,1181,1773,1579,1310,362,1514,671,1643,567,503,399,321,1229,1529,571,1740,1212,983,1706,797,809,640,1607,710,849,1503,884,991,449,1210,45,1379,1122,1200,1002,195,1622,1583,576,39,1244,89,1621,1216,12,1700,958,1772,1348,282,1091,580,934,906,1104,455,931,1429,1392,187,722,1839,1227,180,1035,592,763
1588,18,860,1673,1156,1032,1353,1095,12,713,528,942,1523,1077,1010,622,200,683,1543,480,1731,1026,145,1526,760,717,1081,1682,1205,304,1739,1554,1644,1105,924,288,907,1833,1287,1022,729,1525,932,254,187,1241,1074,1856,949,1028,1126,472,351,170,1579,221,508,948,269,1761,41,1356,31,971,864,1210,468,434,1108,1284,38,423,969,1760,762,799,1073,1366,1306,1742,43,677,100,1486,1390,1767,28,42,1614,1453,1100,256,819,815,844,680,1239,579,833,112
1405,1049,1216,264,1386,1496,127,1052,970,1046,12,937,1,160,1064,741,95,233,511,448,1324,622,1133,1636,222,1585,321,1672,871,798,617,1597,1025,1039,107,1656,817,1325,347,1047,1359,1099,657,1561,89,1824,476,43,1615,31,269,1514,1626,1816,1316,1523,1349,157,168,1085,170,1828,1010,941,103,1444,1716,1418,815,630,856,315,94,1279,1241,1144,1267,1011,1681,803,640,1084,332,1864,2,1390,737,672,1826,1858,111,91,983,1526,1022,1102,69,1177,764,1239
448,560,1242,1348,1084,1829,1475,1237,1244,357,218,64,1853,1754,104,1868,1211,1213,1631,363,408,399,844,1310,1240,1665,141,592,1122,538,1006,904,1539,1288,492,467,1367,352,601,1498,1648,710,879,123,1234,995,1343,515,1346,549,1216,711,54,1583,1748,666,215,1183,193,1729,748,972,152,426,1455,1145,1265,186,1334,1519,1008,1418,1018,1384,356,771,92,1361,1190,1354,1319,859,539,990,1684,579,1757,716,1033,1143,195,1199,720,744,1799,739,589,1185,174,1029
633,847,89,1461,1087,983,1866,1419,1377,859,1072,211,1656,71,1094,1388,370,854,1452,529,1574,1374,722,367,1004,9,120,1371,1107,1185,92,531,704,62,1792,1564,1668,1373,1295,455,890,111,361,410,1352,54,690,878,627,193,187,1266,1555,1598,326,1300,206,216,981,1479,803,1116,1357,1364,76,1815,1530,39,1224,566,469,1761,171,1490,1002,1789,608,759,77,602,83,1104,1414,1627,734,1509,962,919,884,142,65,1511,117,1740,212,849,1033,732,978,1424
579,966,394,402,495,1449,288,532,1219,800,1431,1127,1290,1375,328,1439,99,1826,1444,1800,559,355,1189,1091,1385,1600,933,1088,1801,1269,1382,1111,1772,758,1194,477,540,624,162,1551,696,113,1204,1492,228,1441,1404,1476,961,1282,1274,976,1273,362,1838,869,430,590,607,1145,502,246,108,879,1456,830,614,1835,1407,1502,380,720,1755,1050,1160,1562,1554,1255,139,484,1493,798,1311,44,796,322,318,1771,1624,1197,537,389,1527,157,1381,1039,347,1447,893,1363
1352,1341,1296,1532,1054,790,536,1433,391,528,556,478,385,1516,978,35,1874,17,1311,598,112,1695,40,576,1818,530,1707,1574,1271,1042,1314,1466,588,1088,655,360,859,1787,499,716,565,1065,315,1720,1464,1810,1684,1436,1831,1011,158,1084,1449,904,310,675,858,1570,421,629,1422,563,748,1572,936,153,927,79,54,1481,1207,788,1844,767,61,145,339,707,416,1509,696,1130,845,512,1272,68,786,283,844,983,1710,1329,1346,606,792,1086,537,199,1277,452
925,329,101,1226,1663,1177,549,1284,1494,1773,664,60,1007,200,1281,915,1870,1595,367,791,1470,1036,23,162,254,362,586,353,575,1860,767,734,1866,708,14,1,1088,1446,104,1165,388,1426,1008,74,906,1143,1274,838,1772,577,161,521,576,934,1753,1576,1686,1415,1535,1787,1542,1362,1530,733,123,1439,1803,1582,1680,347,1640,490,590,126,266,1672,1633,723,680,1797,687,616,641,1697,6,148,1581,361,650,817,919,1316,177,326,1220,1776,1304,1458,1172,857
1179,475,580,540,1264,1009,516,1277,1295,1375,1453,22,1681,1290,1525,1414,1232,1181,1728,346,436,1220,1716,715,1629,108,637,901,1206,602,451,671,1801,1475,921,57,829,438,492,938,1311,995,1380,1049,1873,223,1799,1227,1425,1095,1356,1820,1444,458,1132,68,453,1456,1490,1241,1017,85,1231,1494,370,1740,703,1021,158,951,1487,535,116,798,336,1665,1031,1546,869,288,297,99,1870,1431,1497,1124,542,1824,689,1732,374,1004,1646,1461,1773,275,1243,1700,69,296
30,658,449,1185,1501,851,1422,1554,51,406,1791,1221,1292,1565,1234,188,504,1099,265,1836,1770,1726,853,1482,414,641,1635,1450,966,433,1347,438,328,806,545,187,446,1354,1251,1376,1504,1838,799,455,1010,744,1257,34,632,1270,670,1589,1028,1865,1011,1180,335,11,907,121,551,1569,1037,314,904,1215,1795,1672,1722,1739,727,1641,1502,1431,1714,1336,1169,1062,1766,782,1493,1655,1576,1025,1850,1155,146,652,336,1361,518,320,1460,514,1818,795,1088,547,829,861
1086,906,353,867,103,1526,1843,1410,1013,881,1740,1449,690,1048,1178,969,942,1659,1238,1147,859,1730,1436,469,855,328,671,1649,365,1434,1544,1106,47,931,1085,1044,1378,457,999,1769,1330,1374,1173,432,1517,661,1452,1066,1834,1708,358,1404,199,309,951,593,1808,1010,122,148,1821,831,399,1139,1680,1703,1395,1312,291,1698,486,805,1827,1461,1761,1522,1863,1186,1513,492,637,1075,1296,516,551,1405,1796,51,197,730,527,540,1161,1475,458,849,617,1137,374,1597
1037,852,744,413,1350,237,1337,1309,1479,263,537,118,333,804,971,926,1721,1431,1219,135,1740,1085,269,615,790,1296,274,786,63,1545,522,574,793,1071,1042,238,523,583,161,182,1465,27,1305,1671,1364,330,1459,1654,415,1705,551,1648,1245,837,1302,1321,1661,1186,1386,239,177,1203,366,1854,1642,1193,1078,1217,569,438,598,1188,835,233,845,229,769,481,1462,1024,1417,309,1387,123,60,1761,422,902,1663,651,657,553,561,1297,1192,631,1791,655,982,516
1227,1210,29,709,1144,110,566,468,1079,1754,423,1279,686,1406,1558,1846,516,1084,1358,1372,604,904,224,780,1058,1811,386,1098,1293,1380,132,605,202,1111,1571,918,1710,1504,1501,59,1259,1056,1859,760,1136,1804,237,201,1666,330,1779,600,530,340,542,1399,1398,1843,365,444,86,332,1243,1781,1180,124,1328,1208,1361,730,1521,21,265,1764,531,433,762,1581,1108,309,1577,740,863,666,1466,1397,1668,629,1332,1071,252,203,290,828,1615,67,1462,451,1575,1509
1758,619,1339,1063,263,1601,652,1776,1750,1080,814,1305,1730,180,1665,13,721,1863,1346,1297,1239,1093,1044,314,1319,897,659,1069,1250,433,1663,1301,654,662,406,478,993,1204,1027,1246,1556,1724,1278,1079,658,1798,1814,1330,1498,144,1293,1384,422,487,1832,502,156,1603,1591,1467,704,1201,749,1108,690,1284,1225,1719,510,931,190,409,345,647,457,65,1357,94,57,74,1704,1235,107,1488,1727,1317,398,9,1458,1487,41,377,810,407,645,371,1667,186,298,1129
1118,1170,764,982,1218,867,171,310,1773,1176,668,1509,55,766,840,280,1742,93,340,886,371,801,228,1395,640,1388,1636,341,368,69,342,87,1854,1383,108,1631,671,1390,426,1663,114,1830,1650,354,249,1374,8,816,1223,724,90,796,1552,1208,892,943,1344,1604,1432,570,1673,875,838,360,1718,379,1406,1177,384,1265,109,393,429,204,364,1252,519,1005,846,328,1611,578,142,1710,1156,1368,1836,1101,1755,1339,251,273,1589,1671,1748,1633,699,585,1073,564
894,1555,187,1318,584,1441,101,651,1741,881,4,919,977,1352,727,776,1251,1791,1345,1562,693,1142,277,1729,1255,1354,1293,1790,1088,532,1202,761,1045,993,259,1628,1498,774,28,426,1809,580,1768,1549,90,1393,214,365,1114,1229,1845,400,1613,178,755,440,218,1541,340,366,315,144,1703,739,806,500,375,647,91,677,624,145,1680,1454,143,515,438,969,1134,1818,1092,1735,31,310,268,552,1292,1235,1341,632,595,435,503,1412,962,937,1528,1596,1459,1072
290,476,1386,1320,1805,61,910,303,265,521,638,738,618,1023,913,66,667,1194,1543,416,198,98,678,117,1418,1743,672,247,645,1083,370,1502,57,365,256,860,715,1126,1398,1322,1257,1387,317,1636,94,875,881,473,1683,1267,1242,186,961,499,1633,1026,402,563,500,1102,1650,734,972,355,527,1143,1325,1703,605,139,319,1653,1704,406,552,896,1724,533,1074,269,1529,1732,221,304,1260,658,1011,1471,1699,1846,47,1076,443,18,1865,935,1520,1512,358,1161
1589,1118,205,1571,1012,1542,372,484,1706,240,781,1429,1406,1273,1082,99,533,1508,1126,1031,391,1572,1843,1218,1549,1636,1818,860,907,298,1507,1798,1822,857,1204,783,263,355,974,139,997,1449,24,1684,1121,922,1172,1650,1396,1826,1676,1103,1671,845,1724,995,75,314,1779,62,1738,1402,312,1498,1625,59,1610,572,438,1749,1634,287,1328,814,450,427,920,683,264,690,259,674,969,1491,1840,512,196,118,573,937,932,1490,41,228,821,716,398,479,204,1139
581,573,215,903,956,366,423,1440,482,1003,192,394,1693,370,716,553,1871,1069,959,1720,1431,384,244,849,85,998,1853,180,1569,337,1471,664,430,1361,1448,1401,1092,570,1335,1686,1670,1135,1722,1295,1644,411,1835,1726,1078,1115,690,1732,1484,541,1636,1125,1529,1233,875,1226,799,652,704,194,1708,23,1823,335,563,1628,60,942,1571,454,1050,232,1270,235,1011,1545,117,1143,1400,1013,1420,21,311,1671,1033,971,1798,1026,1482,1487,631,1477,536,1374,535,170
1497,1288,507,1457,805,486,321,1160,1268,649,1713,800,1844,553,301,1368,951,1537,1271,1473,676,473,946,1801,159,971,373,1638,919,1756,1302,884,1608,1186,789,849,1296,1763,1773,524,45,1677,207,1079,1547,594,296,1071,1496,310,204,861,997,240,1237,1764,1728,414,864,493,369,286,1159,1415,1263,1235,224,1428,697,1050,1051,820,75,121,976,1808,398,4,1532,1680,1336,779,1324,1409,55,1523,1755,1418,290,620,1823,448,1834,544,1136,1660,581,131,780,1021
1351,314,1375,405,699,623,383,1564,280,1027,1819,721,805,1134,592,1499,229,522,1047,1440,508,258,666,1835,1221,939,514,325,1523,1764,747,963,804,503,673,1752,734,358,1130,786,1643,1202,634,793,765,614,1215,1721,553,238,1338,1568,381,397,686,1609,1401,916,996,401,633,1474,940,1838,1846,1749,332,227,713,1323,1208,333,176,720,387,975,1252,1607,386,1596,1226,919,404,304,1412,248,1442,594,763,986,726,1094,1822,1532,700,1753,130,1268,30,263
1494,1182,738,232,1831,996,1002,1569,1455,462,628,561,1730,436,1069,638,330,712,404,741,891,239,978,985,1133,1587,340,791,859,1272,136,1339,958,1749,742,962,428,857,298,1285,1126,1740,898,1847,1659,1310,1296,1631,983,1860,268,906,1245,160,846,349,910,1132,175,916,1795,536,1424,8,869,1048,201,1315,1773,855,162,482,947,36,1682,1491,1761,1382,998,843,1026,98,143,1313,180,1495,427,1744,1490,1016,1577,1041,94,246,517,1628,154,375,2,515
378,931,234,443,1617,1606,339,1849,1233,776,157,1053,532,1201,1437,364,1298,1136,343,664,895,21,712,1653,799,75,556,283,50,27,827,843,64,121,634,1509,1644,1655,983,321,1078,1615,117,1320,1069,710,399,937,22,1780,1619,1613,66,993,1759,1247,1612,742,84,1003,261,751,1745,133,1763,1110,355,1297,687,137,1093,1212,1711,699,1569,477,1266,319,505,1378,1162,1064,1359,1767,392,90,718,1400,512,850,223,1729,136,400,466,258,463,1778,1106,1406
809,918,573,1579,1608,466,1471,955,701,633,368,960,665,792,1645,267,498,749,1739,1733,1661,616,695,1839,283,1215,74,130,1794,1805,1457,832,123,1201,1451,601,950,1300,258,427,19,55,851,1420,1167,420,401,522,914,1634,655,873,909,1375,690,736,575,535,1272,1027,1464,1838,1099,293,813,165,1776,126,1554,599,1076,1615,480,596,1874,1761,1626,202,653,1046,196,1235,137,1256,468,68,1263,667,442,1311,103,1373,626,1479,1568,491,1527,290,1801,325
957,1268,1080,273,1864,1320,1525,1642,1569,963,579,1778,1214,1664,1252,1407,675,96,260,18,903,1337,1690,851,1819,756,506,247,786,1425,739,695,959,1233,1188,968,1224,54,697,1785,978,1490,1816,1737,445,785,985,1193,1691,664,363,116,1448,696,1357,741,1731,1300,588,747,306,1682,952,367,1171,1326,1392,1813,305,633,962,646,1661,193,1489,333,575,1035,1018,1086,889,1723,1527,1794,1121,1150,166,1059,1416,1675,533,975,1403,1802,1757,1249,856,1002,1023,1512
860,1814,1440,665,629,128,966,848,716,784,1716,698,637,307,452,166,107,400,685,144,1705,196,248,1626,1582,1032,1682,662,1522,1638,344,1860,1449,90,1217,1726,1755,164,1379,314,543,1507,971,347,673,216,1842,553,1195,776,1178,1862,1560,1625,1703,647,930,1640,1199,1632,1554,151,895,1224,266,1019,617,527,1357,1792,708,701,1538,1780,791,1533,1312,88,952,1392,1200,869,474,769,173,799,1503,1000,1203,339,1654,834,919,1864,1680,657,473,8,1399,991
359,1180,263,368,1444,130,549,956,1078,653,540,1379,689,915,97,1366,612,659,1489,1070,1447,644,767,282,251,1255,383,819,330,1807,1546,545,61,1040,937,1581,1120,421,510,895,320,1083,1033,1154,1304,1482,1661,851,1704,1307,1043,1459,1373,512,1633,1009,345,1270,1100,1554,1215,855,1753,514,213,279,1228,1431,296,536,267,433,685,1858,532,950,1824,1607,1723,192,258,1258,428,205,729,736,379,749,1195,166,51,1196,94,1699,680,37,313,626,1077,1238
748,474,361,276,1373,1731,1292,688,908,1097,1053,1795,1719,493,20,1844,1204,1685,1071,463,142,325,1604,777,334,911,309,1522,300,1850,323,479,1288,1451,814,421,1825,1207,562,294,1718,856,52,1492,633,1114,1099,1845,1574,1708,1050,1822,710,145,1460,1744,570,801,1567,1038,741,1244,1726,44,1197,1823,124,486,694,446,1627,1214,1717,947,286,115,1673,928,1462,1501,160,762,1561,1463,840,1265,1676,1379,1503,523,1436,1498,210,1032,449,156,1746,577,626,248
956,239,1315,1562,67,923,113,1138,637,48,547,1805,469,1397,1250,830,1571,507,516,245,610,1832,704,765,1017,1407,1346,1074,1001,1403,358,670,1330,7,1168,731,1793,1029,1545,1351,597,825,1781,321,1094,1374,1412,1264,1620,193,447,116,1251,1726,212,1050,1498,852,1744,1590,971,1367,1641,218,578,1061,1818,1621,939,974,1278,1186,167,1519,1682,1447,275,376,357,775,1384,368,354,1746,1814,1463,732,374,695,1020,162,640,1459,1541,366,1873,1418,1079,526,1765
1161,101,1802,1728,935,1192,1091,1480,53,1058,1516,1390,1004,451,1142,497,393,1721,418,805,732,185,237,955,857,493,1632,599,214,1237,436,1822,1073,1425,1357,1062,1170,853,391,1705,842,200,138,196,1784,236,280,966,672,1640,416,1856,1086,1198,1098,328,1011,156,399,1008,938,884,1758,1811,663,406,439,1206,714,531,578,1263,117,480,1350,158,536,681,45,1031,811,468,1867,549,1312,1612,1710,1815,1264,1399,221,375,1842,1726,331,71,171,676,1838,151
1604,1852,591,1653,1004,919,662,1633,364,93,740,1347,55,1536,96,802,856,1820,626,1023,641,808,221,317,984,39,746,491,1158,188,704,1696,658,1543,1813,1681,1826,138,957,673,622,1735,1788,547,635,1713,1022,1337,1799,974,205,1357,1049,751,198,1686,1061,1283,1356,1624,1097,764,917,1524,219,538,256,1499,1070,1439,1322,1497,135,1169,1154,1386,1830,982,1572,706,339,265,1535,489,240,871,1450,743,1030,30,1304,57,323,1739,1327,260,739,1484,1786,732
930,1857,1093,1265,823,964,1272,727,1304,1319,1166,1124,1669,355,165,160,1000,262,1431,876,1809,1681,1396,1,1585,1517,75,65,695,1128,1579,1160,780,196,599,1640,1258,101,1581,497,898,73,232,1784,514,338,243,433,1720,1245,927,1469,492,952,1716,98,1555,628,669,294,265,1848,990,123,827,58,920,1632,1086,494,1082,889,1617,1565,1819,289,1450,448,1503,1863,1284,886,251,428,261,1235,1655,1608,806,917,869,107,1525,173,548,213,133,979,1690,1567
1668,480,308,1182,166,1360,1263,948,662,89,1248,715,1704,5,390,1560,680,858,332,353,893,473,980,1732,1563,1024,873,1029,1454,1623,494,109,780,182,1282,1667,277,825,853,725,256,1671,1168,1795,678,1782,70,496,1819,468,367,1482,1852,1388,1451,300,483,1737,1101,83,52,517,984,1052,286,1307,117,602,837,1238,267,1498,1862,1195,1504,476,120,271,1421,47,1204,673,993,542,1801,1744,383,1429,1316,21,189,1187,597,1780,1057,1446,670,102,1733,1005
14,502,1473,412,712,1035,1769,605,1823,1595,1316,1370,1103,535,493,1733,1788,465,3,1125,1052,1200,1403,1713,254,85,1300,513,21,1018,286,1019,1362,37,77,1500,12,1123,657,995,724,1048,114,1752,1725,1755,640,1502,531,1582,1609,329,1651,1378,1144,926,1100,99,370,1684,415,357,112,988,125,1072,1408,292,1515,1804,649,575,120,819,1543,927,1629,1516,1850,307,824,1810,950,1400,955,265,1671,1068,1439,1096,905,670,1151,538,438,1461,150,817,674,883
1069,1338,990,1409,1114,996,427,1650,589,1655,907,1339,790,1375,732,746,1456,1476,967,8,1175,810,337,867,185,204,1853,787,1315,1608,1861,868,1261,1011,977,1775,795,1213,605,813,19,604,389,1864,1649,565,1115,1428,959,458,1039,635,1168,1253,1776,877,1161,1347,392,523,809,627,1227,536,1095,741,1837,1845,1257,1361,358,1420,307,1789,1536,159,854,1632,985,1010,736,178,1873,533,880,1037,1022,618,505,592,700,1734,333,1758,650,528,522,938,681,425
927,1453,38,1294,1107,1185,1397,1034,563,1337,1067,181,596,768,838,73,135,1826,27,1604,1457,832,364,1500,1082,322,1861,656,1590,462,1766,1394,492,869,628,19,315,1612,440,176,1238,384,836,400,1260,107,902,1161,1835,979,1633,528,169,1291,1812,328,1099,635,1218,531,961,1222,747,1487,1200,22,561,1531,1595,1688,1333,690,717,883,126,1768,290,1659,1503,344,791,295,1609,83,1446,130,1251,85,253,275,1466,983,1276,1165,1028,1033,1093,369,777,975
566,201,319,613,1036,111,237,1433,101,1622,537,980,796,1154,1013,1844,624,73,663,1046,256,1585,915,257,1357,564,1178,395,315,851,1467,1539,705,244,379,1517,703,1283,117,1277,1474,385,85,1318,1846,862,462,166,235,997,231,1525,1747,346,818,149,614,503,1700,1874,1791,764,1050,1305,1483,464,1201,1009,1336,922,1795,413,1206,752,1545,1534,1776,1151,7,1289,373,219,40,1834,706,172,422,1768,1648,1252,99,1141,91,1051,1090,1799,353,1185,1652,1694
1271,169,973,1680,83,895,994,832,699,935,1119,1523,427,135,1147,1471,415,174,756,758,207,666,969,828,1573,820,361,1203,1715,671,946,343,1622,589,244,819,1433,1493,198,1002,1601,1283,597,638,482,1723,572,1731,124,219,421,531,1378,398,465,1859,1156,40,89,224,234,1650,824,687,1077,1641,151,1323,331,1571,793,1031,1366,1490,206,542,704,1720,599,292,1530,612,888,648,822,1751,732,195,1799,934,501,841,233,418,1233,163,130,1375,788,1300
1808,425,1278,477,1624,1823,140,454,1293,1418,1500,383,367,824,1036,1595,1055,337,591,1579,1605,1863,1828,1720,1288,1366,1067,541,1339,984,255,1865,317,23,898,577,800,910,1212,835,1687,1706,660,790,198,770,918,567,963,419,1508,608,911,667,1061,1300,192,841,1312,278,1611,440,810,1730,203,12,1264,71,889,966,151,1786,4,1480,1710,1663,1380,789,1023,273,1558,1330,1200,1657,1409,921,335,331,1671,57,1115,652,1729,406,1304,698,291,811,259,1574
1345,1147,509,580,431,1695,165,1356,897,1260,1307,1594,682,1796,1683,242,167,1116,868,887,1668,1722,1547,1508,1682,758,1626,1263,1850,1339,1171,1030,1701,317,504,114,1020,1100,935,802,1520,75,962,401,458,448,454,569,1782,261,1524,491,864,1579,411,740,646,1163,898,155,640,1815,77,1045,287,1018,1258,948,958,592,1787,215,98,642,420,1704,49,953,855,262,134,338,996,59,1623,50,600,1528,1056,998,668,1773,832,919,1124,1408,667,1731,357,1854
343,1035,22,1000,1754,805,1225,1422,1818,1078,1741,1383,915,1836,702,1288,928,129,1429,1318,684,772,665,1133,609,549,709,151,1011,1419,1258,1752,1388,1869,491,313,634,235,1334,1774,468,949,1126,93,913,1332,403,99,248,633,1562,1501,1529,955,1016,892,481,546,636,1431,1700,1032,376,1326,1108,1863,1121,1565,1208,1184,1452,989,1445,897,1303,90,1226,672,1873,13,937,490,441,115,600,1832,1141,804,427,1095,1870,1343,389,578,630,459,4,1135,1613,1855
1740,1089,1125,1211,250,802,1129,839,1473,1767,989,1484,780,1064,1317,1184,1845,886,1414,261,1099,44,1557,622,231,1229,598,1667,1248,390,222,1796,657,1712,1048,1400,1831,977,1814,94,1458,1603,1110,413,794,211,119,596,1747,315,208,1244,654,19,451,1250,1310,958,623,379,1829,693,523,437,1378,1872,429,918,1511,1342,144,1870,301,404,1161,1069,1632,1178,236,907,430,587,917,1410,700,8,1381,1843,1056,747,792,1236,813,620,1604,1769,477,1553,1595,887
65,964,873,1695,1365,1477,1032,387,925,1608,1308,816,127,400,955,5,1513,331,1715,1491,395,108,1674,697,705,1259,1292,1139,1275,1285,1713,853,823,1869,523,1538,351,493,899,1233,106,1417,1165,1775,812,937,625,631,386,1669,157,1654,234,1647,160,1586,1504,693,288,848,1099,1001,19,426,1210,320,1297,1689,1801,1015,840,333,919,1691,209,1770,1116,1265,1480,1564,1470,1381,737,1255,1678,757,13,270,1203,1606,1781,1094,158,1630,1671,991,1792,1582,1388,1523
1010,936,1718,1609,598,116,888,1565,1290,50,267,1626,453,339,362,1529,1654,609,71,819,592,971,436,1414,1683,984,1220,1759,1743,1342,1273,509,1312,1475,397,1016,47,911,1099,1078,1387,1661,1687,686,1167,32,786,1142,1862,811,372,1757,758,1432,1864,1146,807,1168,78,1722,1707,487,89,774,1700,1601,740,794,1033,1653,604,191,727,1311,125,1468,1562,1266,1415,1254,1189,204,1833,366,499,1247,860,826,776,980,656,180,981,1539,1212,1474,997,96,701,658
377,1018,1582,267,950,1064,1820,151,1732,1222,1140,843,39,1578,1121,1112,1451,480,145,1649,216,862,1550,801,776,542,1668,1540,1440,597,139,475,1495,1175,28,8,888,1403,1412,1287,1626,373,131,1485,490,820,1076,105,1087,1859,1346,397,1292,1847,1803,1337,1852,30,1144,715,1117,1141,341,51,463,378,195,336,897,1221,455,738,29,199,1284,476,847,427,861,254,751,1588,1348,289,1501,1285,77,1823,1370,451,1010,443,685,385,749,454,165,668,1417,979
1742,1620,583,623,1591,1502,789,1475,1768,26,476,1825,80,637,1761,71,264,1446,380,1257,481,1861,309,1088,29,69,1651,581,85,1389,1550,843,1302,1031,1642,830,1255,815,823,1297,855,144,741,798,839,112,714,745,1581,925,987,1246,664,1267,1558,118,767,1107,1418,666,1127,620,213,763,252,1612,892,136,520,276,1187,820,1018,1578,212,1699,1300,1259,1534,24,1505,1439,565,305,1633,539,805,487,594,475,164,6,1435,1536,1121,1444,727,589,105,1549
214,1544,1758,465,23,200,216,122,270,426,1238,1827,1253,1066,1229,419,1791,802,836,536,1337,945,13,1492,583,1846,22,194,1618,273,1034,1259,1206,283,1842,1829,1631,947,1270,1524,1748,1130,901,700,1811,1408,169,1181,602,494,592,369,326,1733,479,675,850,1634,432,77,1166,58,952,46,594,412,42,349,1038,206,789,144,941,421,1816,840,1040,821,1780,624,1335,143,423,393,265,946,1015,1871,1328,864,1762,136,773,376,604,577,613,757,1809,1283
716,1024,334,1825,515,556,1139,1854,330,861,1137,1846,277,1572,1785,1355,926,1815,1096,704,818,1543,585,1754,369,677,637,1643,77,1667,1401,1324,56,122,793,1208,1525,1604,527,996,884,1492,2,112,90,757,1170,1037,809,158,1210,692,1460,1553,1287,1143,266,1103,117,396,57,1679,101,1177,756,203,226,1053,289,166,154,841,24,1224,246,18,1740,1866,1663,1756,862,896,685,598,1252,279,1004,1558,1767,1666,1136,1074,686,1680,653,1228,1497,1545,1164,746
1313,390,1760,490,1599,443,1295,662,601,776,482,723,1371,1321,699,193,1836,1562,185,296,1526,1596,1333,1014,1117,1100,715,1486,980,1215,1859,908,774,1718,1130,903,882,1854,1085,165,134,1612,172,1127,966,577,790,115,1639,1040,365,1456,880,821,160,1831,596,13,1356,364,1366,895,1184,457,1258,155,1144,1455,920,936,984,797,1294,281,759,385,1470,1504,1862,1181,730,1501,26,851,1499,382,847,200,1400,1634,450,375,1730,907,960,1339,1328,483,1681,1032
1579,525,1375,1617,484,1608,963,1441,1355,684,480,178,385,672,1544,693,1588,1125,1792,977,1738,575,677,1669,1240,1005,120,1110,609,553,1529,1546,1513,955,1630,414,1646,367,541,800,1807,787,1129,1006,560,398,1253,459,1801,1505,649,1078,837,825,730,901,258,392,585,1229,723,628,193,813,11,1009,1517,1838,1814,747,1398,848,1752,172,651,811,1769,450,418,1657,299,9,53,518,124,157,446,1380,991,56,1863,69,88,438,1759,1123,144,764,1451,742
537,1599,147,1442,1180,1636,1214,1076,594,1521,1406,293,141,196,282,816,356,1745,51,629,760,1279,711,827,473,795,583,1002,314,1742,825,931,1125,1571,155,1608,681,1646,1012,174,83,206,1401,1873,16,121,1067,1315,450,1777,1435,1481,1390,1046,1659,1409,1110,1603,1783,267,857,1667,1715,1086,256,159,317,1254,689,1065,1414,1273,432,1123,1514,881,355,1399,658,499,1530,818,789,379,645,471,151,1698,1362,1050,1763,64,1651,469,427,1268,1274,204,1167,678
46,3,1299,1843,1751,590,463,1869,696,17,1508,1678,1205,417,1000,1069,1672,677,462,1726,821,412,1363,1840,1636,1385,1698,1387,1557,788,134,1275,270,1778,1370,1168,536,531,1109,1825,1274,70,99,378,1108,1073,1296,600,1774,580,1410,917,1358,692,223,1776,1841,626,578,915,1029,488,1424,1414,290,1630,815,914,90,1721,530,206,946,657,859,1158,82,1655,1166,66,1092,936,1167,881,1615,1833,650,839,1052,58,1820,1811,448,506,1186,512,803,825,227,906
1867,183,1734,687,354,447,1692,1721,629,529,880,1077,854,549,1718,1836,743,1447,604,350,759,1078,1304,214,1458,1674,1295,1755,1,596,259,1385,464,577,301,852,265,1285,842,1290,333,1676,153,270,1127,1498,925,180,1558,1847,648,1117,1466,1218,1868,1139,1747,1299,85,647,421,1072,1606,876,48,1185,1297,240,696,712,1155,1752,1409,744,1319,1090,339,1358,716,637,1323,281,326,601,875,1820,269,1591,530,1696,729,1640,139,159,1062,1475,1204,13,769,361